Variable Name,Type,Description
CONM ,string,Company Name (CONM)
TIC ,string,Ticker Symbol (TIC)
CUSIP ,string,CUSIP (CUSIP)
CIK ,string,CIK Number (CIK)
EXCHG ,double,Stock Exchange Code (EXCHG)
FYR ,double,Fiscal Year-End (FYR)
FIC ,string,Foreign Incorporation Code (FIC)
ADD1 ,string,ADD1 -- Address Line 1 (ADD1)
ADD2 ,string,ADD2 -- Address Line 2 (ADD2)
ADD3 ,string,ADD3 -- Address Line 3 (ADD3)
ADD4 ,string,ADD4 -- Address Line 4 (ADD4)
ADDZIP ,string,ADDZIP -- Postal Code (ADDZIP)
BUSDESC ,string,BUSDESC -- S&P Business Description (BUSDESC)
CITY ,string,CITY -- City (CITY)
CONML ,string,CONML -- Company Legal Name (CONML)
COUNTY ,string,COUNTY -- County Code (COUNTY)
DLDTE ,date,DLDTE -- Research Company Deletion Date (DLDTE)
DLRSN ,string,DLRSN -- Research Co Reason for Deletion (DLRSN)
EIN ,string,EIN -- Employer Identification Number (EIN)
FAX ,string,FAX -- Fax Number (FAX)
FYRC ,double,FYRC -- Current Fiscal Year End Month (FYRC)
GGROUP ,string,GGROUP -- GIC Groups (GGROUP)
GIND ,string,GIND -- GIC Industries (GIND)
GSECTOR ,string,GSECTOR -- GIC Sectors (GSECTOR)
GSUBIND ,string,GSUBIND -- GIC Sub-Industries (GSUBIND)
IDBFLAG ,string,"IDBFLAG -- International, Domestic, Both Indicator (IDBFLAG)"
INCORP ,string,INCORP -- Current State/Province of Incorporation Code (INCORP)
IPODATE ,date,IPODATE -- Company Initial Public Offering Date (IPODATE)
LOC ,string,LOC -- Current ISO Country Code - Headquarters (LOC)
NAICS ,string,NAICS -- North American Industry Classification Code (NAICS)
PHONE ,string,PHONE -- Phone Number (PHONE)
PRICAN ,string,PRICAN -- Current Primary Issue Tag - Canada (PRICAN)
PRIROW ,string,PRIROW -- Primary Issue Tag - Rest of World (PRIROW)
PRIUSA ,string,PRIUSA -- Current Primary Issue Tag - US (PRIUSA)
SIC ,string,SIC -- Standard Industry Classification Code (SIC)
SPCINDCD ,double,SPCINDCD -- S&P Industry Sector Code (SPCINDCD)
SPCSECCD,double,SPCSECCD -- S&P Economic Sector Code (SPCSECCD)
SPCSRC ,string,SPCSRC -- S&P Quality Ranking - Current (SPCSRC)
STATE ,string,STATE -- State/Province (STATE)
STKO ,double,STKO -- Stock Ownership Code (STKO)
WEBURL ,string,WEBURL -- Web URL (WEBURL)
ACCTCHGQ ,string,ACCTCHGQ -- Adoption of Accounting Changes (ACCTCHGQ)
ACCTSTDQ ,string,ACCTSTDQ -- Accounting Standard (ACCTSTDQ)
ADRRQ ,double,ADRRQ -- ADR Ratio (ADRRQ)
AJEXQ ,double,AJEXQ -- Adjustment Factor (Company) - Cumulative by Ex-Date (AJEXQ)
AJPQ ,double,AJPQ -- Adjustment Factor (Company) - Cumulative byPay-Date (AJPQ)
APDEDATEQ ,date,APDEDATEQ -- Actual Period End date (APDEDATEQ)
BSPRQ ,string,BSPRQ -- Balance Sheet Presentation (BSPRQ)
COMPSTQ ,string,COMPSTQ -- Comparability Status (COMPSTQ)
CURNCDQ ,string,CURNCDQ -- Native Currency Code (CURNCDQ)
CURRTRQ ,double,CURRTRQ -- Currency Translation Rate (CURRTRQ)
CURUSCNQ ,double,CURUSCNQ -- US Canadian Translation Rate - Interim (CURUSCNQ)
DATACQTR ,string,DATACQTR -- Calendar Data Year and Quarter (DATACQTR)
DATAFQTR ,string,DATAFQTR -- Fiscal Data Year and Quarter (DATAFQTR)
FDATEQ ,date,FDATEQ -- Final Date (FDATEQ)
FINALQ ,string,FINALQ -- Final Indicator Flag (FINALQ)
FQTR ,double,FQTR -- Fiscal Quarter (FQTR)
FYEARQ ,double,FYEARQ -- Fiscal Year (FYEARQ)
OGMQ ,string,OGMQ -- OIL & GAS METHOD (OGMQ)
PDATEQ ,date,PDATEQ -- Preliminary Date (PDATEQ)
RDQ ,date,RDQ -- Report Date of Quarterly Earnings (RDQ)
RP ,string,RP -- Reporting Periodicity (RP)
SCFQ ,double,SCFQ -- Cash Flow Model (SCFQ)
SRCQ ,double,SRCQ -- Source Code (SRCQ)
STALTQ ,string,STALTQ -- Status Alert (STALTQ)
UPDQ ,double,UPDQ -- Update Code (UPDQ)
ACCHGQ ,double,ACCHGQ -- Accounting Changes - Cumulative Effect (ACCHGQ)
ACOMINCQ ,double,ACOMINCQ -- Accumulated Other Comprehensive Income (Loss) (ACOMINCQ)
ACOQ ,double,ACOQ -- Current Assets - Other - Total (ACOQ)
ACTQ ,double,ACTQ -- Current Assets - Total (ACTQ)
ALTOQ ,double,ALTOQ -- Other Long-term Assets (ALTOQ)
ANCQ ,double,ANCQ -- Non-Current Assets - Total (ANCQ)
ANOQ ,double,ANOQ -- Assets Netting & Other Adjustments (ANOQ)
AOCIDERGLQ ,double,AOCIDERGLQ -- Accum Other Comp Inc - Derivatives Unrealized Gain/Loss (AOCIDERGLQ)
AOCIOTHERQ ,double,AOCIOTHERQ -- Accum Other Comp Inc - Other Adjustments (AOCIOTHERQ)
AOCIPENQ ,double,AOCIPENQ -- Accum Other Comp Inc - Min Pension Liab Adj (AOCIPENQ)
AOCISECGLQ ,double,AOCISECGLQ -- Accum Other Comp Inc - Unreal G/L Ret Int in Sec Assets (AOCISECGLQ)
AOL2Q ,double,AOL2Q -- Assets Level2 (Observable) (AOL2Q)
AOQ ,double,AOQ -- Assets - Other - Total (AOQ)
APQ ,double,APQ -- Account Payable/Creditors - Trade (APQ)
AQAQ ,double,AQAQ -- Acquisition/Merger After-Tax (AQAQ)
AQDQ ,double,AQDQ -- Acquisition/Merger Diluted EPS Effect (AQDQ)
AQEPSQ ,double,AQEPSQ -- Acquisition/Merger Basic EPS Effect (AQEPSQ)
AQPL1Q ,double,AQPL1Q -- Assets Level1 (Quoted Prices) (AQPL1Q)
AQPQ ,double,AQPQ -- Acquisition/Merger Pretax (AQPQ)
ARCEDQ,double,ARCEDQ -- As Reported Core - Diluted EPS Effect (ARCEDQ)
ARCEEPSQ,double,ARCEEPSQ -- As Reported Core - Basic EPS Effect (ARCEEPSQ)
ARCEQ,double,ARCEQ -- As Reported Core - After-tax (ARCEQ)
ATQ ,double,ATQ -- Assets - Total (ATQ)
AUL3Q ,double,AUL3Q -- Assets Level3 (Unobservable) (AUL3Q)
BILLEXCEQ ,double,BILLEXCEQ -- Billings in Excess of Cost & Earnings (BILLEXCEQ)
CAPR1Q ,double,CAPR1Q -- Risk-Adjusted Capital Ratio - Tier 1 (CAPR1Q)
CAPR2Q ,double,CAPR2Q -- Risk-Adjusted Capital Ratio - Tier 2 (CAPR2Q)
CAPR3Q ,double,CAPR3Q -- Risk-Adjusted Capital Ratio - Combined (CAPR3Q)
CAPSFTQ ,double,CAPSFTQ -- Capitalized Software (CAPSFTQ)
CAPSQ ,double,CAPSQ -- Capital Surplus/Share Premium Reserve (CAPSQ)
CEIEXBILLQ ,double,CEIEXBILLQ -- Cost & Earnings in Excess of Billings (CEIEXBILLQ)
CEQQ ,double,CEQQ -- Common/Ordinary Equity - Total (CEQQ)
CHEQ ,double,CHEQ -- Cash and Short-Term Investments (CHEQ)
CHQ ,double,CHQ -- Cash (CHQ)
CIBEGNIQ ,double,CIBEGNIQ -- Comp Inc - Beginning Net Income (CIBEGNIQ)
CICURRQ ,double,CICURRQ -- Comp Inc - Currency Trans Adj (CICURRQ)
CIDERGLQ ,double,CIDERGLQ -- Comp Inc - Derivative Gains/Losses (CIDERGLQ)
CIMIIQ ,double,CIMIIQ -- Comprehensive Income - Noncontrolling Interest (CIMIIQ)
CIOTHERQ ,double,CIOTHERQ -- Comp Inc - Other Adj (CIOTHERQ)
CIPENQ ,double,CIPENQ -- Comp Inc - Minimum Pension Adj (CIPENQ)
CIQ ,double,CIQ -- Comprehensive Income - Total (CIQ)
CISECGLQ ,double,CISECGLQ -- Comp Inc - Securities Gains/Losses (CISECGLQ)
CITOTALQ ,double,CITOTALQ -- Comprehensive Income - Parent (CITOTALQ)
COGSQ ,double,COGSQ -- Cost of Goods Sold (COGSQ)
CSH12Q ,double,CSH12Q -- Common Shares Used to Calculate Earnings Per Share - 12 Months Moving (CSH12Q)
CSHFD12 ,double,CSHFD12 -- Common Shares Used to Calc Earnings Per Share - Fully Diluted - 12 Months M (CSHFD12)
CSHFDQ ,double,CSHFDQ -- Com Shares for Diluted EPS (CSHFDQ)
CSHIQ ,double,CSHIQ -- Common Shares Issued (CSHIQ)
CSHOPQ ,double,CSHOPQ -- Total Shares Repurchased - Quarter (CSHOPQ)
CSHOQ ,double,CSHOQ -- Common Shares Outstanding (CSHOQ)
CSHPRQ ,double,CSHPRQ -- Common Shares Used to Calculate Earnings Per Share - Basic (CSHPRQ)
CSTKCVQ ,double,CSTKCVQ -- Carrying Value (CSTKCVQ)
CSTKEQ ,double,CSTKEQ -- Common Stock Equivalents - Dollar Savings (CSTKEQ)
CSTKQ ,double,CSTKQ -- Common/Ordinary Stock (Capital) (CSTKQ)
DCOMQ ,double,DCOMQ -- Deferred Compensation (DCOMQ)
DD1Q ,double,DD1Q -- Long-Term Debt Due in One Year (DD1Q)
DERACQ ,double,DERACQ -- Derivative Assets - Current (DERACQ)
DERALTQ ,double,DERALTQ -- Derivative Assets Long-Term (DERALTQ)
DERHEDGLQ ,double,DERHEDGLQ -- Gains/Losses on Derivatives and Hedging (DERHEDGLQ)
DERLCQ ,double,DERLCQ -- Derivative Liabilities- Current (DERLCQ)
DERLLTQ ,double,DERLLTQ -- Derivative Liabilities Long-Term (DERLLTQ)
DILADQ ,double,DILADQ -- Dilution Adjustment (DILADQ)
DILAVQ ,double,DILAVQ -- Dilution Available - Excluding Extraordinary Items (DILAVQ)
DLCQ ,double,DLCQ -- Debt in Current Liabilities (DLCQ)
DLTTQ ,double,DLTTQ -- Long-Term Debt - Total (DLTTQ)
DOQ ,double,DOQ -- Discontinued Operations (DOQ)
DPACREQ ,double,DPACREQ -- Accumulated Depreciation of RE Property (DPACREQ)
DPACTQ ,double,"DPACTQ -- Depreciation, Depletion and Amortization (Accumulated) (DPACTQ)"
DPQ ,double,DPQ -- Depreciation and Amortization - Total (DPQ)
DPRETQ ,double,DPRETQ -- Depr/Amort of Property (DPRETQ)
DRCQ ,double,DRCQ -- Deferred Revenue - Current (DRCQ)
DRLTQ ,double,DRLTQ -- Deferred Revenue - Long-term (DRLTQ)
DTEAQ ,double,DTEAQ -- Extinguishment of Debt After-tax (DTEAQ)
DTEDQ ,double,DTEDQ -- Extinguishment of Debt Diluted EPS Effect (DTEDQ)
DTEEPSQ ,double,DTEEPSQ -- Extinguishment of Debt Basic EPS Effect (DTEEPSQ)
DTEPQ ,double,DTEPQ -- Extinguishment of Debt Pretax (DTEPQ)
DVINTFQ ,double,DVINTFQ -- Dividends & Interest Receivable (Cash Flow) (DVINTFQ)
DVPQ ,double,DVPQ -- Dividends - Preferred/Preference (DVPQ)
EPSF12 ,double,EPSF12 -- Earnings Per Share (Diluted) - Excluding Extraordinary Items - 12 Months Mo (EPSF12)
EPSFI12 ,double,EPSFI12 -- Earnings Per Share (Diluted) - Including Extraordinary Items (EPSFI12)
EPSFIQ ,double,EPSFIQ -- Earnings Per Share (Diluted) - Including Extraordinary Items (EPSFIQ)
EPSFXQ ,double,EPSFXQ -- Earnings Per Share (Diluted) - Excluding Extraordinary items (EPSFXQ)
EPSPI12 ,double,EPSPI12 -- Earnings Per Share (Basic) - Including Extraordinary Items - 12 Months Movi (EPSPI12)
EPSPIQ ,double,EPSPIQ -- Earnings Per Share (Basic) - Including Extraordinary Items (EPSPIQ)
EPSPXQ ,double,EPSPXQ -- Earnings Per Share (Basic) - Excluding Extraordinary Items (EPSPXQ)
EPSX12 ,double,EPSX12 -- Earnings Per Share (Basic) - Excluding Extraordinary Items - 12 Months Movi (EPSX12)
ESOPCTQ ,double,ESOPCTQ -- Common ESOP Obligation - Total (ESOPCTQ)
ESOPNRQ ,double,ESOPNRQ -- Preferred ESOP Obligation - Non-Redeemable (ESOPNRQ)
ESOPRQ ,double,ESOPRQ -- Preferred ESOP Obligation - Redeemable (ESOPRQ)
ESOPTQ ,double,ESOPTQ -- Preferred ESOP Obligation - Total (ESOPTQ)
ESUBQ ,double,ESUBQ -- Equity in Earnings (I/S) - Unconsolidated Subsidiaries (ESUBQ)
FCAQ ,double,FCAQ -- Foreign Exchange Income (Loss) (FCAQ)
FFOQ ,double,FFOQ -- Funds From Operations (REIT) (FFOQ)
FINACOQ ,double,"FINACOQ -- Finance Division Other Current Assets, Total (FINACOQ)"
FINAOQ ,double,"FINAOQ -- Finance Division Other Long-Term Assets, Total (FINAOQ)"
FINCHQ ,double,FINCHQ -- Finance Division - Cash (FINCHQ)
FINDLCQ ,double,FINDLCQ -- Finance Division Long-Term Debt - Current (FINDLCQ)
FINDLTQ ,double,FINDLTQ -- Finance Division Debt - Long-Term (FINDLTQ)
FINIVSTQ ,double,FINIVSTQ -- Finance Division - Short-Term Investments (FINIVSTQ)
FINLCOQ ,double,"FINLCOQ -- Finance Division Other Current Liabilities, Total (FINLCOQ)"
FINLTOQ ,double,"FINLTOQ -- Finance Division Other Long Term Liabilities, Total (FINLTOQ)"
FINNPQ ,double,FINNPQ -- Finance Division Notes Payable (FINNPQ)
FINRECCQ ,double,FINRECCQ -- Finance Division - Current Receivables (FINRECCQ)
FINRECLTQ ,double,FINRECLTQ -- Finance Division - Long-Term Receivables (FINRECLTQ)
FINREVQ ,double,FINREVQ -- Finance Division Revenue (FINREVQ)
FINXINTQ ,double,FINXINTQ -- Finance Division Interest Expense (FINXINTQ)
FINXOPRQ ,double,FINXOPRQ -- Finance Division Operating Expense (FINXOPRQ)
FYR ,double,FYR -- Fiscal Year-end Month (FYR)
GDWLAMQ ,double,GDWLAMQ -- Amortization of Goodwill (GDWLAMQ)
GDWLIA12 ,double,GDWLIA12 -- Impairments of Goodwill AfterTax - 12mm (GDWLIA12)
GDWLIAQ ,double,GDWLIAQ -- Impairment of Goodwill After-tax (GDWLIAQ)
GDWLID12 ,double,GDWLID12 -- Impairments Diluted EPS - 12mm (GDWLID12)
GDWLIDQ ,double,GDWLIDQ -- Impairment of Goodwill Diluted EPS Effect (GDWLIDQ)
GDWLIEPS12 ,double,GDWLIEPS12 -- Impairment of Goodwill Basic EPS Effect 12MM (GDWLIEPS12)
GDWLIEPSQ ,double,GDWLIEPSQ -- Impairment of Goodwill Basic EPS Effect (GDWLIEPSQ)
GDWLIPQ ,double,GDWLIPQ -- Impairment of Goodwill Pretax (GDWLIPQ)
GDWLQ ,double,GDWLQ -- Goodwill (net) (GDWLQ)
GLAQ ,double,GLAQ -- Gain/Loss After-Tax (GLAQ)
GLCEA12,double,GLCEA12 -- Gain/Loss on Sale (Core Earnings Adjusted) After-tax 12MM (GLCEA12)
GLCEAQ,double,GLCEAQ -- Gain/Loss on Sale (Core Earnings Adjusted) After-tax (GLCEAQ)
GLCED12,double,GLCED12 -- Gain/Loss on Sale (Core Earnings Adjusted) Diluted EPS Effect 12MM (GLCED12)
GLCEDQ,double,GLCEDQ -- Gain/Loss on Sale (Core Earnings Adjusted) Diluted EPS (GLCEDQ)
GLCEEPS12,double,GLCEEPS12 -- Gain/Loss on Sale (Core Earnings Adjusted) Basic EPS Effect 12MM (GLCEEPS12)
GLCEEPSQ,double,GLCEEPSQ -- Gain/Loss on Sale (Core Earnings Adjusted) Basic EPS Effect (GLCEEPSQ)
GLCEPQ,double,GLCEPQ -- Gain/Loss on Sale (Core Earnings Adjusted) Pretax (GLCEPQ)
GLDQ ,double,GLDQ -- Gain/Loss Diluted EPS Effect (GLDQ)
GLEPSQ ,double,GLEPSQ -- Gain/Loss Basic EPS Effect (GLEPSQ)
GLIVQ ,double,GLIVQ -- Gains/Losses on investments (GLIVQ)
GLPQ ,double,GLPQ -- Gain/Loss Pretax (GLPQ)
HEDGEGLQ ,double,HEDGEGLQ -- Gain/Loss on Ineffective Hedges (HEDGEGLQ)
IBADJ12 ,double,IBADJ12 -- Income Before Extra Items - Adj for Common Stock Equivalents - 12MM (IBADJ12)
IBADJQ ,double,IBADJQ -- Income Before Extraordinary Items - Adjusted for Common Stock Equivalents (IBADJQ)
IBCOMQ ,double,IBCOMQ -- Income Before Extraordinary Items - Available for Common (IBCOMQ)
IBMIIQ ,double,IBMIIQ -- Income before Extraordinary Items and Noncontrolling Interests (IBMIIQ)
IBQ ,double,IBQ -- Income Before Extraordinary Items (IBQ)
ICAPTQ ,double,ICAPTQ -- Invested Capital - Total - Quarterly (ICAPTQ)
INTACCQ ,double,INTACCQ -- Interest Accrued (INTACCQ)
INTANOQ ,double,INTANOQ -- Other Intangibles (INTANOQ)
INTANQ ,double,INTANQ -- Intangible Assets - Total (INTANQ)
INVFGQ ,double,INVFGQ -- Inventory - Finished Goods (INVFGQ)
INVOQ ,double,INVOQ -- Inventory - Other (INVOQ)
INVRMQ ,double,INVRMQ -- Inventory - Raw Materials (INVRMQ)
INVTQ ,double,INVTQ -- Inventories - Total (INVTQ)
INVWIPQ ,double,INVWIPQ -- Inventory - Work in Process (INVWIPQ)
IVAEQQ ,double,IVAEQQ -- Investment and Advances - Equity (IVAEQQ)
IVAOQ ,double,IVAOQ -- Investment and Advances - Other (IVAOQ)
IVLTQ ,double,IVLTQ -- Total Long-term Investments (IVLTQ)
IVSTQ ,double,IVSTQ -- Short-Term Investments- Total (IVSTQ)
LCOQ ,double,LCOQ -- Current Liabilities - Other - Total (LCOQ)
LCTQ ,double,LCTQ -- Current Liabilities - Total (LCTQ)
LLTQ ,double,LLTQ -- Long-Term Liabilities (Total) (LLTQ)
LNOQ ,double,LNOQ -- Liabilities Netting & Other Adjustments (LNOQ)
LOL2Q ,double,LOL2Q -- Liabilities Level2 (Observable) (LOL2Q)
LOQ ,double,LOQ -- Liabilities - Other (LOQ)
LOXDRQ ,double,LOXDRQ -- Liabilities - Other - Excluding Deferred Revenue (LOXDRQ)
LQPL1Q ,double,LQPL1Q -- Liabilities Level1 (Quoted Prices) (LQPL1Q)
LSEQ ,double,LSEQ -- Liabilities and Stockholders Equity - Total (LSEQ)
LTMIBQ ,double,LTMIBQ -- Liabilities - Total and Noncontrolling Interest (LTMIBQ)
LTQ ,double,LTQ -- Liabilities - Total (LTQ)
LUL3Q ,double,LUL3Q -- Liabilities Level3 (Unobservable) (LUL3Q)
MIBNQ ,double,MIBNQ -- Noncontrolling Interests - Nonredeemable - Balance Sheet (MIBNQ)
MIBQ ,double,MIBQ -- Noncontrolling Interest - Redeemable - Balance Sheet (MIBQ)
MIBTQ ,double,MIBTQ -- Noncontrolling Interests - Total - Balance Sheet (MIBTQ)
MIIQ ,double,MIIQ -- Noncontrolling Interest - Income Account (MIIQ)
MSAQ ,double,MSAQ -- Accum Other Comp Inc - Marketable Security Adjustments (MSAQ)
NCOQ ,double,NCOQ -- Net Charge-Offs (NCOQ)
NIITQ ,double,NIITQ -- Net Interest Income (Tax Equivalent) (NIITQ)
NIMQ ,double,NIMQ -- Net Interest Margin (NIMQ)
NIQ ,double,NIQ -- Net Income (Loss) (NIQ)
NOPIQ ,double,NOPIQ -- Non-Operating Income (Expense) - Total (NOPIQ)
NPATQ ,double,NPATQ -- Nonperforming Assets - Total (NPATQ)
NPQ ,double,NPQ -- Notes Payable (NPQ)
NRTXTDQ ,double,NRTXTDQ -- Nonrecurring Income Taxes Diluted EPS Effect (NRTXTDQ)
NRTXTEPSQ ,double,NRTXTEPSQ -- Nonrecurring Income Taxes Basic EPS Effect (NRTXTEPSQ)
NRTXTQ ,double,NRTXTQ -- Nonrecurring Income Taxes - After-tax (NRTXTQ)
OBKQ ,double,OBKQ -- Order backlog (OBKQ)
OEPF12 ,double,OEPF12 -- Earnings Per Share - Diluted - from Operations - 12MM (OEPF12)
OEPS12 ,double,OEPS12 -- Earnings Per Share from Operations - 12 Months Moving (OEPS12)
OEPSXQ ,double,OEPSXQ -- Earnings Per Share - Diluted - from Operations (OEPSXQ)
OIADPQ ,double,OIADPQ -- Operating Income After Depreciation - Quarterly (OIADPQ)
OIBDPQ ,double,OIBDPQ -- Operating Income Before Depreciation - Quarterly (OIBDPQ)
OPEPSQ ,double,OPEPSQ -- Earnings Per Share from Operations (OPEPSQ)
OPTDRQ ,double,OPTDRQ -- Dividend Rate - Assumption (%) (OPTDRQ)
OPTFVGRQ ,double,OPTFVGRQ -- Options - Fair Value of Options Granted (OPTFVGRQ)
OPTLIFEQ ,double,OPTLIFEQ -- Life of Options - Assumption (# yrs) (OPTLIFEQ)
OPTRFRQ ,double,OPTRFRQ -- Risk Free Rate - Assumption (%) (OPTRFRQ)
OPTVOLQ ,double,OPTVOLQ -- Volatility - Assumption (%) (OPTVOLQ)
PIQ ,double,PIQ -- Pretax Income (PIQ)
PLLQ ,double,PLLQ -- Provision for Loan/Asset Losses (PLLQ)
PNC12 ,double,PNC12 -- Pension Core Adjustment - 12mm (PNC12)
PNCD12 ,double,PNCD12 -- Core Pension Adjustment Diluted EPS Effect 12MM (PNCD12)
PNCDQ ,double,PNCDQ -- Core Pension Adjustment Diluted EPS Effect (PNCDQ)
PNCEPS12 ,double,PNCEPS12 -- Core Pension Adjustment Basic EPS Effect 12MM (PNCEPS12)
PNCEPSQ ,double,PNCEPSQ -- Core Pension Adjustment Basic EPS Effect (PNCEPSQ)
PNCIAPQ ,double,PNCIAPQ -- Core Pension Interest Adjustment After-tax Preliminary (PNCIAPQ)
PNCIAQ ,double,PNCIAQ -- Core Pension Interest Adjustment After-tax (PNCIAQ)
PNCIDPQ ,double,PNCIDPQ -- Core Pension Interest Adjustment Diluted EPS Effect Preliminary (PNCIDPQ)
PNCIDQ ,double,PNCIDQ -- Core Pension Interest Adjustment Diluted EPS Effect (PNCIDQ)
PNCIEPSPQ ,double,PNCIEPSPQ -- Core Pension Interest Adjustment Basic EPS Effect Preliminary (PNCIEPSPQ)
PNCIEPSQ ,double,PNCIEPSQ -- Core Pension Interest Adjustment Basic EPS Effect (PNCIEPSQ)
PNCIPPQ ,double,PNCIPPQ -- Core Pension Interest Adjustment Pretax Preliminary (PNCIPPQ)
PNCIPQ ,double,PNCIPQ -- Core Pension Interest Adjustment Pretax (PNCIPQ)
PNCPD12 ,double,PNCPD12 -- Core Pension Adjustment 12MM Diluted EPS Effect Preliminary (PNCPD12)
PNCPDQ ,double,PNCPDQ -- Core Pension Adjustment Diluted EPS Effect Preliminary (PNCPDQ)
PNCPEPS12 ,double,PNCPEPS12 -- Core Pension Adjustment 12MM Basic EPS Effect Preliminary (PNCPEPS12)
PNCPEPSQ ,double,PNCPEPSQ -- Core Pension Adjustment Basic EPS Effect Preliminary (PNCPEPSQ)
PNCPQ ,double,PNCPQ -- Core Pension Adjustment Preliminary (PNCPQ)
PNCQ ,double,PNCQ -- Core Pension Adjustment (PNCQ)
PNCWIAPQ ,double,PNCWIAPQ -- Core Pension w/o Interest Adjustment After-tax Preliminary (PNCWIAPQ)
PNCWIAQ ,double,PNCWIAQ -- Core Pension w/o Interest Adjustment After-tax (PNCWIAQ)
PNCWIDPQ,double,PNCWIDPQ -- Core Pension w/o Interest Adjustment Diluted EPS Effect Preliminary (PNCWIDPQ)
PNCWIDQ ,double,PNCWIDQ -- Core Pension w/o Interest Adjustment Diluted EPS Effect (PNCWIDQ)
PNCWIEPQ ,double,PNCWIEPQ -- Core Pension w/o Interest Adjustment Basic EPS Effect Preliminary (PNCWIEPQ)
PNCWIEPSQ ,double,PNCWIEPSQ -- Core Pension w/o Interest Adjustment Basic EPS Effect (PNCWIEPSQ)
PNCWIPPQ ,double,PNCWIPPQ -- Core Pension w/o Interest Adjustment Pretax Preliminary (PNCWIPPQ)
PNCWIPQ ,double,PNCWIPQ -- Core Pension w/o Interest Adjustment Pretax (PNCWIPQ)
PNRSHOQ ,double,PNRSHOQ -- Nonred Pfd Shares Outs (000) - Quarterly (PNRSHOQ)
PPEGTQ ,double,"PPEGTQ -- Property, Plant and Equipment - Total (Gross) - Quarterly (PPEGTQ)"
PPENTQ ,double,PPENTQ -- Property Plant and Equipment - Total (Net) (PPENTQ)
PRCAQ ,double,PRCAQ -- Core Post Retirement Adjustment (PRCAQ)
PRCD12 ,double,PRCD12 -- Core Post Retirement Adjustment Diluted EPS Effect 12MM (PRCD12)
PRCDQ ,double,PRCDQ -- Core Post Retirement Adjustment Diluted EPS Effect (PRCDQ)
PRCE12 ,double,PRCE12 -- Core Post Retirement Adjustment 12MM (PRCE12)
PRCEPS12 ,double,PRCEPS12 -- Core Post Retirement Adjustment Basic EPS Effect 12MM (PRCEPS12)
PRCEPSQ ,double,PRCEPSQ -- Core Post Retirement Adjustment Basic EPS Effect (PRCEPSQ)
PRCPD12 ,double,PRCPD12 -- Core Post Retirement Adjustment 12MM Diluted EPS Effect Preliminary (PRCPD12)
PRCPDQ ,double,PRCPDQ -- Core Post Retirement Adjustment Diluted EPS Effect Preliminary (PRCPDQ)
PRCPEPS12 ,double,PRCPEPS12 -- Core Post Retirement Adjustment 12MM Basic EPS Effect Preliminary (PRCPEPS12)
PRCPEPSQ ,double,PRCPEPSQ -- Core Post Retirement Adjustment Basic EPS Effect Preliminary (PRCPEPSQ)
PRCPQ ,double,PRCPQ -- Core Post Retirement Adjustment Preliminary (PRCPQ)
PRCRAQ ,double,PRCRAQ -- Repurchase Price - Average per share Quarter (PRCRAQ)
PRSHOQ ,double,PRSHOQ -- Redeem Pfd Shares Outs (000) (PRSHOQ)
PSTKNQ ,double,PSTKNQ -- Preferred/Preference Stock - Nonredeemable (PSTKNQ)
PSTKQ ,double,PSTKQ -- Preferred/Preference Stock (Capital) - Total (PSTKQ)
PSTKRQ ,double,PSTKRQ -- Preferred/Preference Stock - Redeemable (PSTKRQ)
RCAQ ,double,RCAQ -- Restructuring Cost After-tax (RCAQ)
RCDQ ,double,RCDQ -- Restructuring Cost Diluted EPS Effect (RCDQ)
RCEPSQ ,double,RCEPSQ -- Restructuring Cost Basic EPS Effect (RCEPSQ)
RCPQ ,double,RCPQ -- Restructuring Cost Pretax (RCPQ)
RDIPAQ ,double,RDIPAQ -- In Process R&D Expense After-tax (RDIPAQ)
RDIPDQ ,double,RDIPDQ -- In Process R&D Expense Diluted EPS Effect (RDIPDQ)
RDIPEPSQ ,double,RDIPEPSQ -- In Process R&D Expense Basic EPS Effect (RDIPEPSQ)
RDIPQ ,double,RDIPQ -- In Process R&D (RDIPQ)
RECDQ ,double,RECDQ -- Receivables - Estimated Doubtful (RECDQ)
RECTAQ ,double,RECTAQ -- Accum Other Comp Inc - Cumulative Translation Adjustments (RECTAQ)
RECTOQ ,double,RECTOQ -- Receivables - Current Other incl Tax Refunds (RECTOQ)
RECTQ ,double,RECTQ -- Receivables - Total (RECTQ)
RECTRQ ,double,RECTRQ -- Receivables - Trade (RECTRQ)
RECUBQ ,double,RECUBQ -- Unbilled Receivables - Quarterly (RECUBQ)
REQ ,double,REQ -- Retained Earnings (REQ)
RETQ ,double,RETQ -- Total RE Property (RETQ)
REUNAQ ,double,REUNAQ -- Unadjusted Retained Earnings (REUNAQ)
REVTQ ,double,REVTQ -- Revenue - Total (REVTQ)
RLLQ ,double,RLLQ -- Reserve for Loan/Asset Losses (RLLQ)
RRA12 ,double,RRA12 -- Reversal - Restructruring/Acquisition Aftertax 12MM (RRA12)
RRAQ ,double,RRAQ -- Reversal - Restructruring/Acquisition Aftertax (RRAQ)
RRD12 ,double,RRD12 -- Reversal - Restructuring/Acq Diluted EPS Effect 12MM (RRD12)
RRDQ ,double,RRDQ -- Reversal - Restructuring/Acq Diluted EPS Effect (RRDQ)
RREPS12 ,double,RREPS12 -- Reversal - Restructuring/Acq Basic EPS Effect 12MM (RREPS12)
RREPSQ ,double,RREPSQ -- Reversal - Restructuring/Acq Basic EPS Effect (RREPSQ)
RRPQ ,double,RRPQ -- Reversal - Restructruring/Acquisition Pretax (RRPQ)
RSTCHELTQ ,double,RSTCHELTQ -- Long-Term Restricted Cash & Investments (RSTCHELTQ)
RSTCHEQ ,double,RSTCHEQ -- Restricted Cash & Investments - Current (RSTCHEQ)
SALEQ ,double,SALEQ -- Sales/Turnover (Net) (SALEQ)
SEQOQ ,double,SEQOQ -- Other Stockholders- Equity Adjustments (SEQOQ)
SEQQ ,double,SEQQ -- Stockholders Equity > Parent > Index Fundamental > Quarterly (SEQQ)
SETA12 ,double,SETA12 -- Settlement (Litigation/Insurance) AfterTax - 12mm (SETA12)
SETAQ ,double,SETAQ -- Settlement (Litigation/Insurance) After-tax (SETAQ)
SETD12 ,double,SETD12 -- Settlement (Litigation/Insurance) Diluted EPS Effect 12MM (SETD12)
SETDQ ,double,SETDQ -- Settlement (Litigation/Insurance) Diluted EPS Effect (SETDQ)
SETEPS12 ,double,SETEPS12 -- Settlement (Litigation/Insurance) Basic EPS Effect 12MM (SETEPS12)
SETEPSQ ,double,SETEPSQ -- Settlement (Litigation/Insurance) Basic EPS Effect (SETEPSQ)
SETPQ ,double,SETPQ -- Settlement (Litigation/Insurance) Pretax (SETPQ)
SPCE12,double,SPCE12 -- S&P Core Earnings 12MM (SPCE12)
SPCED12,double,SPCED12 -- S&P Core Earnings EPS Diluted 12MM (SPCED12)
SPCEDPQ,double,SPCEDPQ -- S&P Core Earnings EPS Diluted - Preliminary (SPCEDPQ)
SPCEDQ,double,SPCEDQ -- S&P Core Earnings EPS Diluted (SPCEDQ)
SPCEEPS12,double,SPCEEPS12 -- S&P Core Earnings EPS Basic 12MM (SPCEEPS12)
SPCEEPSP12,double,SPCEEPSP12 -- S&P Core 12MM EPS - Basic - Preliminary (SPCEEPSP12)
SPCEEPSPQ,double,SPCEEPSPQ -- S&P Core Earnings EPS Basic - Preliminary (SPCEEPSPQ)
SPCEEPSQ,double,SPCEEPSQ -- S&P Core Earnings EPS Basic (SPCEEPSQ)
SPCEP12,double,SPCEP12 -- S&P Core Earnings 12MM - Preliminary (SPCEP12)
SPCEPD12,double,SPCEPD12 -- S&P Core Earnings 12MM EPS Diluted - Preliminary (SPCEPD12)
SPCEPQ,double,SPCEPQ -- S&P Core Earnings - Preliminary (SPCEPQ)
SPCEQ,double,SPCEQ -- S&P Core Earnings (SPCEQ)
SPIDQ ,double,SPIDQ -- Other Special Items Diluted EPS Effect (SPIDQ)
SPIEPSQ ,double,SPIEPSQ -- Other Special Items Basic EPS Effect (SPIEPSQ)
SPIOAQ ,double,SPIOAQ -- Other Special Items After-tax (SPIOAQ)
SPIOPQ ,double,SPIOPQ -- Other Special Items Pretax (SPIOPQ)
SPIQ ,double,SPIQ -- Special Items (SPIQ)
SRETQ ,double,SRETQ -- Gain/Loss on Sale of Property (SRETQ)
STKCOQ ,double,STKCOQ -- Stock Compensation Expense (STKCOQ)
STKCPAQ ,double,STKCPAQ -- After-tax stock compensation (STKCPAQ)
TEQQ ,double,TEQQ -- Stockholders Equity - Total (TEQQ)
TFVAQ ,double,TFVAQ -- Total Fair Value Assets (TFVAQ)
TFVCEQ ,double,TFVCEQ -- Total Fair Value Changes including Earnings (TFVCEQ)
TFVLQ ,double,TFVLQ -- Total Fair Value Liabilities (TFVLQ)
TIEQ ,double,TIEQ -- Interest Expense - Total (Financial Services) (TIEQ)
TIIQ ,double,TIIQ -- Interest Income - Total (Financial Services) (TIIQ)
TSTKNQ ,double,TSTKNQ -- Treasury Stock - Number of Common Shares (TSTKNQ)
TSTKQ ,double,TSTKQ -- Treasury Stock - Total (All Capital) (TSTKQ)
TXDBAQ ,double,TXDBAQ -- Deferred Tax Asset - Long Term (TXDBAQ)
TXDBCAQ ,double,TXDBCAQ -- Current Deferred Tax Asset (TXDBCAQ)
TXDBCLQ ,double,TXDBCLQ -- Current Deferred Tax Liability (TXDBCLQ)
TXDBQ ,double,TXDBQ -- Deferred Taxes - Balance Sheet (TXDBQ)
TXDIQ ,double,TXDIQ -- Income Taxes - Deferred (TXDIQ)
TXDITCQ ,double,TXDITCQ -- Deferred Taxes and Investment Tax Credit (TXDITCQ)
TXPQ ,double,TXPQ -- Income Taxes Payable (TXPQ)
TXTQ ,double,TXTQ -- Income Taxes - Total (TXTQ)
TXWQ ,double,TXWQ -- Excise Taxes (TXWQ)
UACOQ ,double,UACOQ -- Current Assets - Other - Utility (UACOQ)
UAOQ ,double,UAOQ -- Other Assets - Utility (UAOQ)
UAPTQ ,double,UAPTQ -- Accounts Payable - Utility (UAPTQ)
UCAPSQ ,double,UCAPSQ -- Paid In Capital - Other - Utility (UCAPSQ)
UCCONSQ ,double,UCCONSQ -- Contributions In Aid Of Construction (UCCONSQ)
UCEQQ ,double,UCEQQ -- Common Equity - Total - Utility (UCEQQ)
UDDQ ,double,UDDQ -- Debt (Debentures) - Utility (UDDQ)
UDMBQ ,double,UDMBQ -- Debt (Mortgage Bonds) (UDMBQ)
UDOLTQ ,double,UDOLTQ -- Debt (Other Long-Term) (UDOLTQ)
UDPCOQ ,double,UDPCOQ -- Debt (Pollution Control Obligations) (UDPCOQ)
UDVPQ ,double,UDVPQ -- Preferred Dividend Requirements (UDVPQ)
UGIQ ,double,UGIQ -- Gross Income (Income Before Interest Charges) (UGIQ)
UINVQ ,double,UINVQ -- Inventories (UINVQ)
ULCOQ ,double,ULCOQ -- Current Liabilities - Other (ULCOQ)
UNIAMIQ ,double,UNIAMIQ -- Net Income before Extraordinary Items After Noncontrolling Interest (UNIAMIQ)
UNOPINCQ ,double,UNOPINCQ -- Nonoperating Income (Net) - Other (UNOPINCQ)
UOPIQ ,double,UOPIQ -- Operating Income - Total - Utility (UOPIQ)
UPDVPQ ,double,UPDVPQ -- Preference Dividend Requirements - Utility (UPDVPQ)
UPMCSTKQ ,double,UPMCSTKQ -- Premium On Common Stock - Utility (UPMCSTKQ)
UPMPFQ ,double,UPMPFQ -- Premium On Preferred Stock - Utility (UPMPFQ)
UPMPFSQ ,double,UPMPFSQ -- Premium On Preference Stock - Utility (UPMPFSQ)
UPMSUBPQ ,double,UPMSUBPQ -- Premium On Subsidiary Preferred Stock - Utility (UPMSUBPQ)
UPSTKCQ ,double,UPSTKCQ -- Preference Stock At Carrying Value - Utility (UPSTKCQ)
UPSTKQ ,double,UPSTKQ -- Preferred Stock At Carrying Value - Utility (UPSTKQ)
URECTQ ,double,URECTQ -- Receivables (Net) - Utility (URECTQ)
USPIQ ,double,USPIQ -- Special Items - Utility (USPIQ)
USUBDVPQ ,double,USUBDVPQ -- Subsidiary Preferred Dividends - Utility (USUBDVPQ)
USUBPCVQ ,double,USUBPCVQ -- Subsidiary Preferred Stock At Carrying Value - Utility (USUBPCVQ)
UTEMQ ,double,UTEMQ -- Maintenance Expense - Total (UTEMQ)
WCAPQ ,double,WCAPQ -- Working Capital (Balance Sheet) (WCAPQ)
WDAQ ,double,WDAQ -- Writedowns After-tax (WDAQ)
WDDQ ,double,WDDQ -- Writedowns Diluted EPS Effect (WDDQ)
WDEPSQ ,double,WDEPSQ -- Writedowns Basic EPS Effect (WDEPSQ)
WDPQ ,double,WDPQ -- Writedowns Pretax (WDPQ)
XACCQ ,double,XACCQ -- Accrued Expenses (XACCQ)
XIDOQ ,double,XIDOQ -- Extraordinary Items and Discontinued Operations (XIDOQ)
XINTQ ,double,XINTQ -- Interest and Related Expense- Total (XINTQ)
XIQ ,double,XIQ -- Extraordinary Items (XIQ)
XOPRQ ,double,XOPRQ -- Operating Expense- Total (XOPRQ)
XOPT12 ,double,XOPT12 -- Implied Option Expense - 12mm (XOPT12)
XOPTD12 ,double,XOPTD12 -- Implied Option EPS Diluted 12MM (XOPTD12)
XOPTD12P ,double,XOPTD12P -- Implied Option 12MM EPS Diluted Preliminary (XOPTD12P)
XOPTDQ ,double,XOPTDQ -- Implied Option EPS Diluted (XOPTDQ)
XOPTDQP ,double,XOPTDQP -- Implied Option EPS Diluted Preliminary (XOPTDQP)
XOPTEPS12 ,double,XOPTEPS12 -- Implied Option EPS Basic 12MM (XOPTEPS12)
XOPTEPSP12 ,double,XOPTEPSP12 -- Implied Option 12MM EPS Basic Preliminary (XOPTEPSP12)
XOPTEPSQ ,double,XOPTEPSQ -- Implied Option EPS Basic (XOPTEPSQ)
XOPTEPSQP ,double,XOPTEPSQP -- Implied Option EPS Basic Preliminary (XOPTEPSQP)
XOPTQ ,double,XOPTQ -- Implied Option Expense (XOPTQ)
XOPTQP ,double,XOPTQP -- Implied Option Expense Preliminary (XOPTQP)
XRDQ ,double,XRDQ -- Research and Development Expense (XRDQ)
XSGAQ ,double,"XSGAQ -- Selling, General and Administrative Expenses (XSGAQ)"
ACCHGY ,double,ACCHGY -- Accounting Changes - Cumulative Effect (ACCHGY)
AFUDCCY ,double,AFUDCCY -- Allowance for Funds Used During Construction (Cash Flow) (AFUDCCY)
AFUDCIY ,double,AFUDCIY -- Allowance for Funds Used During Construction (Investing) (Cash Flow) (AFUDCIY)
AMCY ,double,AMCY -- Amortization (Cash Flow) (AMCY)
AOLOCHY ,double,AOLOCHY -- Assets and Liabilities - Other (Net Change) (AOLOCHY)
APALCHY ,double,APALCHY -- Accounts Payable and Accrued Liabilities - Increase (Decrease) (APALCHY)
AQAY ,double,AQAY -- Acquisition/Merger After-Tax (AQAY)
AQCY ,double,AQCY -- Acquisitions (AQCY)
AQDY ,double,AQDY -- Acquisition/Merger Diluted EPS Effect (AQDY)
AQEPSY ,double,AQEPSY -- Acquisition/Merger Basic EPS Effect (AQEPSY)
AQPY ,double,AQPY -- Acquisition/Merger Pretax (AQPY)
ARCEDY,double,ARCEDY -- As Reported Core - Diluted EPS Effect (ARCEDY)
ARCEEPSY,double,ARCEEPSY -- As Reported Core - Basic EPS Effect (ARCEEPSY)
ARCEY,double,ARCEY -- As Reported Core - After-tax (ARCEY)
CAPXY ,double,CAPXY -- Capital Expenditures (CAPXY)
CDVCY ,double,CDVCY -- Cash Dividends on Common Stock (Cash Flow) (CDVCY)
CHECHY ,double,CHECHY -- Cash and Cash Equivalents - Increase (Decrease) (CHECHY)
CIBEGNIY ,double,CIBEGNIY -- Comp Inc - Beginning Net Income (CIBEGNIY)
CICURRY ,double,CICURRY -- Comp Inc - Currency Trans Adj (CICURRY)
CIDERGLY ,double,CIDERGLY -- Comp Inc - Derivative Gains/Losses (CIDERGLY)
CIMIIY ,double,CIMIIY -- Comprehensive Income - Noncontrolling Interest (CIMIIY)
CIOTHERY ,double,CIOTHERY -- Comp Inc - Other Adj (CIOTHERY)
CIPENY ,double,CIPENY -- Comp Inc - Minimum Pension Adj (CIPENY)
CISECGLY ,double,CISECGLY -- Comp Inc - Securities Gains/Losses (CISECGLY)
CITOTALY ,double,CITOTALY -- Comprehensive Income - Parent (CITOTALY)
CIY ,double,CIY -- Comprehensive Income - Total (CIY)
COGSY ,double,COGSY -- Cost of Goods Sold (COGSY)
CSHFDY ,double,CSHFDY -- Com Shares for Diluted EPS (CSHFDY)
CSHPRY ,double,CSHPRY -- Common Shares Used to Calculate Earnings Per Share - Basic (CSHPRY)
CSTKEY ,double,CSTKEY -- Common Stock Equivalents - Dollar Savings (CSTKEY)
DEPCY ,double,DEPCY -- Depreciation and Depletion (Cash Flow) (DEPCY)
DERHEDGLY ,double,DERHEDGLY -- Gains/Losses on Derivatives and Hedging (DERHEDGLY)
DILADY ,double,DILADY -- Dilution Adjustment (DILADY)
DILAVY ,double,DILAVY -- Dilution Available - Excluding Extraordinary Items (DILAVY)
DLCCHY ,double,DLCCHY -- Changes in Current Debt (DLCCHY)
DLTISY ,double,DLTISY -- Long-Term Debt - Issuance (DLTISY)
DLTRY ,double,DLTRY -- Long-Term Debt - Reduction (DLTRY)
DOY ,double,DOY -- Discontinued Operations (DOY)
DPCY ,double,DPCY -- Depreciation and Amortization - Statement of Cash Flows (DPCY)
DPRETY ,double,DPRETY -- Depr/Amort of Property (DPRETY)
DPY ,double,DPY -- Depreciation and Amortization - Total (DPY)
DTEAY ,double,DTEAY -- Extinguishment of Debt After-tax (DTEAY)
DTEDY ,double,DTEDY -- Extinguishment of Debt Diluted EPS Effect (DTEDY)
DTEEPSY ,double,DTEEPSY -- Extinguishment of Debt Basic EPS Effect (DTEEPSY)
DTEPY ,double,DTEPY -- Extinguishment of Debt Pretax (DTEPY)
DVPY ,double,DVPY -- Dividends - Preferred/Preference (DVPY)
DVY ,double,DVY -- Cash Dividends (DVY)
EPSFIY ,double,EPSFIY -- Earnings Per Share (Diluted) - Including Extraordinary Items (EPSFIY)
EPSFXY ,double,EPSFXY -- Earnings Per Share (Diluted) - Excluding Extraordinary items (EPSFXY)
EPSPIY ,double,EPSPIY -- Earnings Per Share (Basic) - Including Extraordinary Items (EPSPIY)
EPSPXY ,double,EPSPXY -- Earnings Per Share (Basic) - Excluding Extraordinary Items (EPSPXY)
ESUBCY ,double,ESUBCY -- Equity in Net Loss/Earnings (C/F) (ESUBCY)
ESUBY ,double,ESUBY -- Equity in Earnings (I/S)- Unconsolidated Subsidiaries (ESUBY)
EXREY ,double,EXREY -- Exchange Rate Effect (EXREY)
FCAY ,double,FCAY -- Foreign Exchange Income (Loss) (FCAY)
FFOY ,double,FFOY -- Funds From Operations (REIT) (FFOY)
FIAOY ,double,FIAOY -- Financing Activities - Other (FIAOY)
FINCFY ,double,FINCFY -- Financing Activities - Net Cash Flow (FINCFY)
FINREVY ,double,FINREVY -- Finance Division Revenue (FINREVY)
FINXINTY ,double,FINXINTY -- Finance Division Interest Expense (FINXINTY)
FINXOPRY ,double,FINXOPRY -- Finance Division Operating Expense (FINXOPRY)
FOPOXY ,double,FOPOXY -- Funds from Operations - Other excluding Option Tax Benefit (FOPOXY)
FOPOY ,double,FOPOY -- Funds from Operations - Other (FOPOY)
FOPTY ,double,FOPTY -- Funds From Operations - Total (FOPTY)
FSRCOY ,double,FSRCOY -- Sources of Funds - Other (FSRCOY)
FSRCTY ,double,FSRCTY -- Sources of Funds - Total (FSRCTY)
FUSEOY ,double,FUSEOY -- Uses of Funds - Other (FUSEOY)
FUSETY ,double,FUSETY -- Uses of Funds - Total (FUSETY)
FYR ,double,FYR -- Fiscal Year-end Month (FYR)
GDWLAMY ,double,GDWLAMY -- Amortization of Goodwill (GDWLAMY)
GDWLIAY ,double,GDWLIAY -- Impairment of Goodwill After-tax (GDWLIAY)
GDWLIDY ,double,GDWLIDY -- Impairment of Goodwill Diluted EPS Effect (GDWLIDY)
GDWLIEPSY ,double,GDWLIEPSY -- Impairment of Goodwill Basic EPS Effect (GDWLIEPSY)
GDWLIPY ,double,GDWLIPY -- Impairment of Goodwill Pretax (GDWLIPY)
GLAY ,double,GLAY -- Gain/Loss After-Tax (GLAY)
GLCEAY,double,GLCEAY -- Gain/Loss on Sale (Core Earnings Adjusted) After-tax (GLCEAY)
GLCEDY,double,GLCEDY -- Gain/Loss on Sale (Core Earnings Adjusted) Diluted EPS (GLCEDY)
GLCEEPSY,double,GLCEEPSY -- Gain/Loss on Sale (Core Earnings Adjusted) Basic EPS Effect (GLCEEPSY)
GLCEPY,double,GLCEPY -- Gain/Loss on Sale (Core Earnings Adjusted) Pretax (GLCEPY)
GLDY ,double,GLDY -- Gain/Loss Diluted EPS Effect (GLDY)
GLEPSY ,double,GLEPSY -- Gain/Loss Basic EPS Effect (GLEPSY)
GLIVY ,double,GLIVY -- Gains/Losses on investments (GLIVY)
GLPY ,double,GLPY -- Gain/Loss Pretax (GLPY)
HEDGEGLY ,double,HEDGEGLY -- Gain/Loss on Ineffective Hedges (HEDGEGLY)
IBADJY ,double,IBADJY -- Income Before Extraordinary Items - Adjusted for Common Stock Equivalents (IBADJY)
IBCOMY ,double,IBCOMY -- Income Before Extraordinary Items - Available for Common (IBCOMY)
IBCY ,double,IBCY -- Income Before Extraordinary Items - Statement of Cash Flows (IBCY)
IBMIIY ,double,IBMIIY -- Income before Extraordinary Items and Noncontrolling Interests (IBMIIY)
IBY ,double,IBY -- Income Before Extraordinary Items (IBY)
INTPNY ,double,INTPNY -- Interest Paid - Net (INTPNY)
INVCHY ,double,INVCHY -- Inventory - Decrease (Increase) (INVCHY)
ITCCY ,double,ITCCY -- Investment Tax Credit - Net (Cash Flow) (ITCCY)
IVACOY ,double,IVACOY -- Investing Activities - Other (IVACOY)
IVCHY ,double,IVCHY -- Increase in Investments (IVCHY)
IVNCFY ,double,IVNCFY -- Investing Activities - Net Cash Flow (IVNCFY)
IVSTCHY ,double,IVSTCHY -- Short-Term Investments - Change (IVSTCHY)
MIIY ,double,MIIY -- Noncontrolling Interest - Income Account (MIIY)
NCOY ,double,NCOY -- Net Charge-Offs (NCOY)
NIITY ,double,NIITY -- Net Interest Income (Tax Equivalent) (NIITY)
NIMY ,double,NIMY -- Net Interest Margin (NIMY)
NIY ,double,NIY -- Net Income (Loss) (NIY)
NOPIY ,double,NOPIY -- Non-Operating Income (Expense) - Total (NOPIY)
NRTXTDY ,double,NRTXTDY -- Nonrecurring Income Taxes Diluted EPS Effect (NRTXTDY)
NRTXTEPSY ,double,NRTXTEPSY -- Nonrecurring Income Taxes Basic EPS Effect (NRTXTEPSY)
NRTXTY ,double,NRTXTY -- Nonrecurring Income Taxes - After-tax (NRTXTY)
OANCFY ,double,OANCFY -- Operating Activities - Net Cash Flow (OANCFY)
OEPSXY ,double,OEPSXY -- Earnings Per Share - Diluted - from Operations (OEPSXY)
OIADPY ,double,OIADPY -- Operating Income After Depreciation - Year-to-Date (OIADPY)
OIBDPY ,double,OIBDPY -- Operating Income Before Depreciation (OIBDPY)
OPEPSY ,double,OPEPSY -- Earnings Per Share from Operations (OPEPSY)
OPTDRY ,double,OPTDRY -- Dividend Rate - Assumption (%) (OPTDRY)
OPTFVGRY ,double,OPTFVGRY -- Options - Fair Value of Options Granted (OPTFVGRY)
OPTLIFEY ,double,OPTLIFEY -- Life of Options - Assumption (# yrs) (OPTLIFEY)
OPTRFRY ,double,OPTRFRY -- Risk Free Rate - Assumption (%) (OPTRFRY)
OPTVOLY ,double,OPTVOLY -- Volatility - Assumption (%) (OPTVOLY)
PDVCY ,double,PDVCY -- Cash Dividends on Preferred/Preference Stock (Cash Flow) (PDVCY)
PIY ,double,PIY -- Pretax Income (PIY)
PLLY ,double,PLLY -- Provision for Loan/Asset Losses (PLLY)
PNCDY ,double,PNCDY -- Core Pension Adjustment Diluted EPS Effect (PNCDY)
PNCEPSY ,double,PNCEPSY -- Core Pension Adjustment Basic EPS Effect (PNCEPSY)
PNCIAPY ,double,PNCIAPY -- Core Pension Interest Adjustment After-tax Preliminary (PNCIAPY)
PNCIAY ,double,PNCIAY -- Core Pension Interest Adjustment After-tax (PNCIAY)
PNCIDPY ,double,PNCIDPY -- Core Pension Interest Adjustment Diluted EPS Effect Preliminary (PNCIDPY)
PNCIDY ,double,PNCIDY -- Core Pension Interest Adjustment Diluted EPS Effect (PNCIDY)
PNCIEPSPY ,double,PNCIEPSPY -- Core Pension Interest Adjustment Basic EPS Effect Preliminary (PNCIEPSPY)
PNCIEPSY ,double,PNCIEPSY -- Core Pension Interest Adjustment Basic EPS Effect (PNCIEPSY)
PNCIPPY ,double,PNCIPPY -- Core Pension Interest Adjustment Pretax Preliminary (PNCIPPY)
PNCIPY ,double,PNCIPY -- Core Pension Interest Adjustment Pretax (PNCIPY)
PNCPDY ,double,PNCPDY -- Core Pension Adjustment Diluted EPS Effect Preliminary (PNCPDY)
PNCPEPSY ,double,PNCPEPSY -- Core Pension Adjustment Basic EPS Effect Preliminary (PNCPEPSY)
PNCPY ,double,PNCPY -- Core Pension Adjustment Preliminary (PNCPY)
PNCWIAPY,double,PNCWIAPY -- Core Pension w/o Interest Adjustment After-tax Preliminary (PNCWIAPY)
PNCWIAY ,double,PNCWIAY -- Core Pension w/o Interest Adjustment After-tax (PNCWIAY)
PNCWIDPY ,double,PNCWIDPY -- Core Pension w/o Interest Adjustment Diluted EPS Effect Preliminary (PNCWIDPY)
PNCWIDY ,double,PNCWIDY -- Core Pension w/o Interest Adjustment Diluted EPS Effect (PNCWIDY)
PNCWIEPSY ,double,PNCWIEPSY -- Core Pension w/o Interest Adjustment Basic EPS Effect (PNCWIEPSY)
PNCWIEPY ,double,PNCWIEPY -- Core Pension w/o Interest Adjustment Basic EPS Effect Preliminary (PNCWIEPY)
PNCWIPPY ,double,PNCWIPPY -- Core Pension w/o Interest Adjustment Pretax Preliminary (PNCWIPPY)
PNCWIPY ,double,PNCWIPY -- Core Pension w/o Interest Adjustment Pretax (PNCWIPY)
PNCY ,double,PNCY -- Core Pension Adjustment (PNCY)
PRCAY ,double,PRCAY -- Core Post Retirement Adjustment (PRCAY)
PRCDY ,double,PRCDY -- Core Post Retirement Adjustment Diluted EPS Effect (PRCDY)
PRCEPSY ,double,PRCEPSY -- Core Post Retirement Adjustment Basic EPS Effect (PRCEPSY)
PRCPDY ,double,PRCPDY -- Core Post Retirement Adjustment Diluted EPS Effect Preliminary (PRCPDY)
PRCPEPSY ,double,PRCPEPSY -- Core Post Retirement Adjustment Basic EPS Effect Preliminary (PRCPEPSY)
PRCPY ,double,PRCPY -- Core Post Retirement Adjustment Preliminary (PRCPY)
PRSTKCCY ,double,PRSTKCCY -- Purchase of Common Stock (Cash Flow) (PRSTKCCY)
PRSTKCY ,double,PRSTKCY -- Purchase of Common and Preferred Stock (PRSTKCY)
PRSTKPCY ,double,PRSTKPCY -- Purchase of Preferred/Preference Stock (Cash Flow) (PRSTKPCY)
RCAY ,double,RCAY -- Restructuring Cost After-tax (RCAY)
RCDY ,double,RCDY -- Restructuring Cost Diluted EPS Effect (RCDY)
RCEPSY ,double,RCEPSY -- Restructuring Cost Basic EPS Effect (RCEPSY)
RCPY ,double,RCPY -- Restructuring Cost Pretax (RCPY)
RDIPAY ,double,RDIPAY -- In Process R&D Expense After-tax (RDIPAY)
RDIPDY ,double,RDIPDY -- In Process R&D Expense Diluted EPS Effect (RDIPDY)
RDIPEPSY ,double,RDIPEPSY -- In Process R&D Expense Basic EPS Effect (RDIPEPSY)
RDIPY ,double,RDIPY -- In Process R&D (RDIPY)
RECCHY ,double,RECCHY -- Accounts Receivable - Decrease (Increase) (RECCHY)
REVTY ,double,REVTY -- Revenue - Total (REVTY)
RRAY ,double,RRAY -- Reversal - Restructruring/Acquisition Aftertax (RRAY)
RRDY ,double,RRDY -- Reversal - Restructuring/Acq Diluted EPS Effect (RRDY)
RREPSY ,double,RREPSY -- Reversal - Restructuring/Acq Basic EPS Effect (RREPSY)
RRPY ,double,RRPY -- Reversal - Restructruring/Acquisition Pretax (RRPY)
SALEY ,double,SALEY -- Sales/Turnover (Net) (SALEY)
SCSTKCY ,double,SCSTKCY -- Sale of Common Stock (Cash Flow) (SCSTKCY)
SETAY ,double,SETAY -- Settlement (Litigation/Insurance) After-tax (SETAY)
SETDY ,double,SETDY -- Settlement (Litigation/Insurance) Diluted EPS Effect (SETDY)
SETEPSY ,double,SETEPSY -- Settlement (Litigation/Insurance) Basic EPS Effect (SETEPSY)
SETPY ,double,SETPY -- Settlement (Litigation/Insurance) Pretax (SETPY)
SIVY ,double,SIVY -- Sale of Investments (SIVY)
SPCEDPY,double,SPCEDPY -- S&P Core Earnings EPS Diluted - Preliminary (SPCEDPY)
SPCEDY,double,SPCEDY -- S&P Core Earnings EPS Diluted (SPCEDY)
SPCEEPSPY,double,SPCEEPSPY -- S&P Core Earnings EPS Basic - Preliminary (SPCEEPSPY)
SPCEEPSY,double,SPCEEPSY -- S&P Core Earnings EPS Basic (SPCEEPSY)
SPCEPY,double,SPCEPY -- S&P Core Earnings - Preliminary (SPCEPY)
SPCEY,double,SPCEY -- S&P Core Earnings (SPCEY)
SPIDY ,double,SPIDY -- Other Special Items Diluted EPS Effect (SPIDY)
SPIEPSY ,double,SPIEPSY -- Other Special Items Basic EPS Effect (SPIEPSY)
SPIOAY ,double,SPIOAY -- Other Special Items After-tax (SPIOAY)
SPIOPY,double,SPIOPY -- Other Special Items Pretax (SPIOPY)
SPIY ,double,SPIY -- Special Items (SPIY)
SPPEY ,double,SPPEY -- Sale of Property (SPPEY)
SPPIVY ,double,SPPIVY -- Sale of PP&E and Investments - (Gain) Loss (SPPIVY)
SPSTKCY ,double,SPSTKCY -- Sale of Preferred/Preference Stock (Cash Flow) (SPSTKCY)
SRETY ,double,SRETY -- Gain/Loss on Sale of Property (SRETY)
SSTKY ,double,SSTKY -- Sale of Common and Preferred Stock (SSTKY)
STKCOY ,double,STKCOY -- Stock Compensation Expense (STKCOY)
STKCPAY ,double,STKCPAY -- After-tax stock compensation (STKCPAY)
TDCY ,double,TDCY -- Deferred Income Taxes - Net (Cash Flow) (TDCY)
TFVCEY ,double,TFVCEY -- Total Fair Value Changes including Earnings (TFVCEY)
TIEY ,double,TIEY -- Interest Expense - Total (Financial Services) (TIEY)
TIIY ,double,TIIY -- Interest Income - Total (Financial Services) (TIIY)
TSAFCY ,double,TSAFCY -- Total Srcs of Funds (FOF) (TSAFCY)
TXACHY ,double,TXACHY -- Income Taxes - Accrued - Increase (Decrease) (TXACHY)
TXBCOFY ,double,TXBCOFY -- Excess Tax Benefit of Stock Options - Cash Flow Financing (TXBCOFY)
TXBCOY ,double,TXBCOY -- Excess Tax Benefit of Stock Options - Cash Flow Operating (TXBCOY)
TXDCY ,double,TXDCY -- Deferred Taxes (Statement of Cash Flows) (TXDCY)
TXDIY ,double,TXDIY -- Income Taxes - Deferred (TXDIY)
TXPDY ,double,TXPDY -- Income Taxes Paid (TXPDY)
TXTY ,double,TXTY -- Income Taxes - Total (TXTY)
TXWY ,double,TXWY -- Excise Taxes (TXWY)
UAOLOCHY ,double,UAOLOCHY -- Other Assets and Liabilities - Net Change (Statement of Cash Flows) (UAOLOCHY)
UDFCCY ,double,UDFCCY -- Deferred Fuel - Increase (Decrease) (Statement of Cash Flows) (UDFCCY)
UDVPY ,double,UDVPY -- Preferred Dividend Requirements - Utility (UDVPY)
UFRETSDY ,double,UFRETSDY -- Tot Funds Ret ofSec&STD (FOF) (UFRETSDY)
UGIY ,double,UGIY -- Gross Income (Income Before Interest Charges) - Utility (UGIY)
UNIAMIY ,double,UNIAMIY -- Net Income before Extraordinary Items After Noncontrolling Interest - Utili (UNIAMIY)
UNOPINCY ,double,UNOPINCY -- Nonoperating Income (Net) - Other - Utility (UNOPINCY)
UNWCCY ,double,UNWCCY -- Inc(Dec)Working Cap (FOF) (UNWCCY)
UOISY ,double,UOISY -- Other Internal Sources - Net (Cash Flow) (UOISY)
UPDVPY ,double,UPDVPY -- Preference Dividend Requirements - Utility (UPDVPY)
UPTACY ,double,UPTACY -- Utility Plant - Gross Additions (Cash Flow) (UPTACY)
USPIY ,double,USPIY -- Special Items - Utility (USPIY)
USTDNCY ,double,USTDNCY -- Net Decr in ST Debt (FOF) (USTDNCY)
USUBDVPY ,double,USUBDVPY -- Subsidiary Preferred Dividends - Utility (USUBDVPY)
UTFDOCY ,double,UTFDOCY -- Total Funds From Ops (FOF) (UTFDOCY)
UTFOSCY ,double,UTFOSCY -- Tot Funds Frm Outside Sources (FOF) (UTFOSCY)
UTMEY ,double,UTMEY -- Maintenance Expense - Total (UTMEY)
UWKCAPCY ,double,UWKCAPCY -- Dec(Inc) in Working Capital (FOF) (UWKCAPCY)
WCAPCHY ,double,WCAPCHY -- Working Capital Changes - Total (WCAPCHY)
WCAPCY ,double,WCAPCY -- Working Capital Change - Other - Increase/(Decrease) (WCAPCY)
WDAY ,double,WDAY -- Writedowns After-tax (WDAY)
WDDY ,double,WDDY -- Writedowns Diluted EPS Effect (WDDY)
WDEPSY ,double,WDEPSY -- Writedowns Basic EPS Effect (WDEPSY)
WDPY ,double,WDPY -- Writedowns Pretax (WDPY)
XIDOCY ,double,XIDOCY -- Extraordinary Items and Discontinued Operations (Statement of Cash Flows) (XIDOCY)
XIDOY ,double,XIDOY -- Extraordinary Items and Discontinued Operations (XIDOY)
XINTY ,double,XINTY -- Interest and Related Expense- Total (XINTY)
XIY ,double,XIY -- Extraordinary Items (XIY)
XOPRY ,double,XOPRY -- Operating Expense- Total (XOPRY)
XOPTDQPY ,double,XOPTDQPY -- Implied Option EPS Diluted Preliminary (XOPTDQPY)
XOPTDY ,double,XOPTDY -- Implied Option EPS Diluted (XOPTDY)
XOPTEPSQPY ,double,XOPTEPSQPY -- Implied Option EPS Basic Preliminary (XOPTEPSQPY)
XOPTEPSY ,double,XOPTEPSY -- Implied Option EPS Basic (XOPTEPSY)
XOPTQPY ,double,XOPTQPY -- Implied Option Expense Preliminary (XOPTQPY)
XOPTY ,double,XOPTY -- Implied Option Expense (XOPTY)
XRDY ,double,XRDY -- Research and Development Expense (XRDY)
XSGAY ,double,"XSGAY -- Selling, General and Administrative Expenses (XSGAY)"
ADJEX ,double,ADJEX -- Cumulative Adjustment Factor by Ex-Date (ADJEX)
CSHTRQ ,double,CSHTRQ -- Common Shares Traded - Quarter (CSHTRQ)
DVPSPQ ,double,DVPSPQ -- Dividends per Share - Pay Date - Quarter (DVPSPQ)
DVPSXQ ,double,DVPSXQ -- Div per Share - Exdate - Quarter (DVPSXQ)
MKVALTQ ,double,MKVALTQ -- Market Value - Total (MKVALTQ)
PRCCQ ,double,PRCCQ -- Price Close - Quarter (PRCCQ)
PRCHQ ,double,PRCHQ -- Price High - Quarter (PRCHQ)
PRCLQ ,double,PRCLQ -- Price Low - Quarter (PRCLQ)
